<?xml version="1.0" encoding="UTF-8"?>
<metadata xml:lang="zh"><Esri><CreaDate>20170728</CreaDate><CreaTime>17033500</CreaTime><ArcGISFormat>1.0</ArcGISFormat><SyncOnce>FALSE</SyncOnce><DataProperties><itemProps><itemName Sync="TRUE">route2017</itemName><imsContentType Sync="TRUE">002</imsContentType><itemSize Sync="TRUE">0.000</itemSize><itemLocation><linkage Sync="TRUE">file://\\DELL\D$\GIS\Qinghai\route2017.shp</linkage><protocol Sync="TRUE">Local Area Network</protocol></itemLocation></itemProps><coordRef><type Sync="TRUE">Geographic</type><geogcsn Sync="TRUE">GCS_WGS_1984</geogcsn><peXml Sync="TRUE">&lt;GeographicCoordinateSystem xsi:type='typens:GeographicCoordinateSystem' xmlns:xsi='http://www.w3.org/2001/XMLSchema-instance' xmlns:xs='http://www.w3.org/2001/XMLSchema' xmlns:typens='http://www.esri.com/schemas/ArcGIS/10.0'&gt;&lt;WKT&gt;GEOGCS[&amp;quot;GCS_WGS_1984&amp;quot;,DATUM[&amp;quot;D_WGS_1984&amp;quot;,SPHEROID[&amp;quot;WGS_1984&amp;quot;,6378137.0,298.257223563]],PRIMEM[&amp;quot;Greenwich&amp;quot;,0.0],UNIT[&amp;quot;Degree&amp;quot;,0.0174532925199433],AUTHORITY[&amp;quot;EPSG&amp;quot;,4326]]&lt;/WKT&gt;&lt;XOrigin&gt;-399.99999999999989&lt;/XOrigin&gt;&lt;YOrigin&gt;-399.99999999999989&lt;/YOrigin&gt;&lt;XYScale&gt;11258999068426.24&lt;/XYScale&gt;&lt;ZOrigin&gt;-100000&lt;/ZOrigin&gt;&lt;ZScale&gt;10000&lt;/ZScale&gt;&lt;MOrigin&gt;-100000&lt;/MOrigin&gt;&lt;MScale&gt;10000&lt;/MScale&gt;&lt;XYTolerance&gt;8.9831528411952133e-009&lt;/XYTolerance&gt;&lt;ZTolerance&gt;0.001&lt;/ZTolerance&gt;&lt;MTolerance&gt;0.001&lt;/MTolerance&gt;&lt;HighPrecision&gt;true&lt;/HighPrecision&gt;&lt;LeftLongitude&gt;-180&lt;/LeftLongitude&gt;&lt;WKID&gt;4326&lt;/WKID&gt;&lt;/GeographicCoordinateSystem&gt;</peXml></coordRef><lineage><Process ToolSource="C:\Program Files (x86)\ArcGIS\Desktop10.0\ArcToolbox\Toolboxes\Data Management Tools.tbx\Merge" Date="20170728" Time="170337">Merge '2017-07-16 08:11\Paths';'2017-07-17 08:25\Paths';'2017-07-19 09:15\Paths';'2017-07-20 07:37\Paths';'2017-07-21 07:39\Paths';'2017-07-22 08:51\Paths';'2017-07-24 08:17\Paths';'2017-07-25 08:16\Paths';'2017-07-26 08:38\Paths' D:\GIS\Qinghai\route2017.shp "Name "Name" true true false 255 Text 0 0 ,First,#,2017-07-16 08:11\Paths,Name,-1,-1,2017-07-17 08:25\Paths,Name,-1,-1,2017-07-19 09:15\Paths,Name,-1,-1,2017-07-20 07:37\Paths,Name,-1,-1,2017-07-21 07:39\Paths,Name,-1,-1,2017-07-22 08:51\Paths,Name,-1,-1,2017-07-24 08:17\Paths,Name,-1,-1,2017-07-25 08:16\Paths,Name,-1,-1,2017-07-26 08:38\Paths,Name,-1,-1;FolderPath "FolderPath" true true false 255 Text 0 0 ,First,#,2017-07-16 08:11\Paths,FolderPath,-1,-1,2017-07-17 08:25\Paths,FolderPath,-1,-1,2017-07-19 09:15\Paths,FolderPath,-1,-1,2017-07-20 07:37\Paths,FolderPath,-1,-1,2017-07-21 07:39\Paths,FolderPath,-1,-1,2017-07-22 08:51\Paths,FolderPath,-1,-1,2017-07-24 08:17\Paths,FolderPath,-1,-1,2017-07-25 08:16\Paths,FolderPath,-1,-1,2017-07-26 08:38\Paths,FolderPath,-1,-1;SymbolID "SymbolID" true true false 4 Long 0 0 ,First,#,2017-07-16 08:11\Paths,SymbolID,-1,-1,2017-07-17 08:25\Paths,SymbolID,-1,-1,2017-07-19 09:15\Paths,SymbolID,-1,-1,2017-07-20 07:37\Paths,SymbolID,-1,-1,2017-07-21 07:39\Paths,SymbolID,-1,-1,2017-07-22 08:51\Paths,SymbolID,-1,-1,2017-07-24 08:17\Paths,SymbolID,-1,-1,2017-07-25 08:16\Paths,SymbolID,-1,-1,2017-07-26 08:38\Paths,SymbolID,-1,-1;AltitudeMo "AltitudeMode" true true false 2 Short 0 0 ,First,#,2017-07-16 08:11\Paths,AltitudeMode,-1,-1,2017-07-17 08:25\Paths,AltitudeMode,-1,-1,2017-07-19 09:15\Paths,AltitudeMode,-1,-1,2017-07-20 07:37\Paths,AltitudeMode,-1,-1,2017-07-21 07:39\Paths,AltitudeMode,-1,-1,2017-07-22 08:51\Paths,AltitudeMode,-1,-1,2017-07-24 08:17\Paths,AltitudeMode,-1,-1,2017-07-25 08:16\Paths,AltitudeMode,-1,-1,2017-07-26 08:38\Paths,AltitudeMode,-1,-1;Clamped "Clamped" true true false 2 Short 0 0 ,First,#,2017-07-16 08:11\Paths,Clamped,-1,-1,2017-07-17 08:25\Paths,Clamped,-1,-1,2017-07-19 09:15\Paths,Clamped,-1,-1,2017-07-20 07:37\Paths,Clamped,-1,-1,2017-07-21 07:39\Paths,Clamped,-1,-1,2017-07-22 08:51\Paths,Clamped,-1,-1,2017-07-24 08:17\Paths,Clamped,-1,-1,2017-07-25 08:16\Paths,Clamped,-1,-1,2017-07-26 08:38\Paths,Clamped,-1,-1;Extruded "Extruded" true true false 2 Short 0 0 ,First,#,2017-07-16 08:11\Paths,Extruded,-1,-1,2017-07-17 08:25\Paths,Extruded,-1,-1,2017-07-19 09:15\Paths,Extruded,-1,-1,2017-07-20 07:37\Paths,Extruded,-1,-1,2017-07-21 07:39\Paths,Extruded,-1,-1,2017-07-22 08:51\Paths,Extruded,-1,-1,2017-07-24 08:17\Paths,Extruded,-1,-1,2017-07-25 08:16\Paths,Extruded,-1,-1,2017-07-26 08:38\Paths,Extruded,-1,-1;Snippet "Snippet" true true false 268435455 Text 0 0 ,First,#,2017-07-16 08:11\Paths,Snippet,-1,-1,2017-07-17 08:25\Paths,Snippet,-1,-1,2017-07-19 09:15\Paths,Snippet,-1,-1,2017-07-20 07:37\Paths,Snippet,-1,-1,2017-07-21 07:39\Paths,Snippet,-1,-1,2017-07-22 08:51\Paths,Snippet,-1,-1,2017-07-24 08:17\Paths,Snippet,-1,-1,2017-07-25 08:16\Paths,Snippet,-1,-1,2017-07-26 08:38\Paths,Snippet,-1,-1;PopupInfo "PopupInfo" true true false 268435455 Text 0 0 ,First,#,2017-07-16 08:11\Paths,PopupInfo,-1,-1,2017-07-17 08:25\Paths,PopupInfo,-1,-1,2017-07-19 09:15\Paths,PopupInfo,-1,-1,2017-07-20 07:37\Paths,PopupInfo,-1,-1,2017-07-21 07:39\Paths,PopupInfo,-1,-1,2017-07-22 08:51\Paths,PopupInfo,-1,-1,2017-07-24 08:17\Paths,PopupInfo,-1,-1,2017-07-25 08:16\Paths,PopupInfo,-1,-1,2017-07-26 08:38\Paths,PopupInfo,-1,-1;Shape_Leng "Shape_Length" false true true 8 Double 0 0 ,First,#,2017-07-16 08:11\Paths,Shape_Length,-1,-1,2017-07-17 08:25\Paths,Shape_Length,-1,-1,2017-07-19 09:15\Paths,Shape_Length,-1,-1,2017-07-20 07:37\Paths,Shape_Length,-1,-1,2017-07-21 07:39\Paths,Shape_Length,-1,-1,2017-07-22 08:51\Paths,Shape_Length,-1,-1,2017-07-24 08:17\Paths,Shape_Length,-1,-1,2017-07-25 08:16\Paths,Shape_Length,-1,-1,2017-07-26 08:38\Paths,Shape_Length,-1,-1"</Process></lineage></DataProperties><SyncDate>20170728</SyncDate><SyncTime>17033500</SyncTime><ModDate>20170728</ModDate><ModTime>17033500</ModTime></Esri><dataIdInfo><envirDesc Sync="TRUE"> Version 6.2 (Build 9200) ; ESRI ArcGIS 10.0.0.2414</envirDesc><dataLang><languageCode value="zho" country="CHN"></languageCode></dataLang><idCitation><resTitle Sync="TRUE">route2017</resTitle><presForm><PresFormCd value="005"></PresFormCd></presForm></idCitation><descKeys><thesaName uuidref="723f6998-058e-11dc-8314-0800200c9a66"></thesaName><keyword Sync="TRUE">002</keyword></descKeys><spatRpType><SpatRepTypCd value="001"></SpatRepTypCd></spatRpType></dataIdInfo><mdLang><languageCode value="zho"></languageCode></mdLang><mdChar><CharSetCd value="004"></CharSetCd></mdChar><distInfo><distFormat><formatName Sync="TRUE">Shapefile</formatName></distFormat><distTranOps><transSize Sync="TRUE">0.000</transSize></distTranOps></distInfo><mdHrLv><ScopeCd value="005"></ScopeCd></mdHrLv><mdHrLvName Sync="TRUE">dataset</mdHrLvName><refSysInfo><RefSystem><refSysID><identCode code="4326"></identCode><idCodeSpace Sync="TRUE">EPSG</idCodeSpace><idVersion Sync="TRUE">7.4.1</idVersion></refSysID></RefSystem></refSysInfo><spdoinfo><ptvctinf><esriterm Name="route2017"><efeatyp Sync="TRUE">Simple</efeatyp><efeageom Sync="TRUE">3</efeageom><esritopo Sync="TRUE">FALSE</esritopo><efeacnt Sync="TRUE">0</efeacnt><spindex Sync="TRUE">FALSE</spindex><linrefer Sync="TRUE">TRUE</linrefer></esriterm></ptvctinf></spdoinfo><spatRepInfo><VectSpatRep><topLvl><TopoLevCd value="001"></TopoLevCd></topLvl><geometObjs><geoObjTyp><GeoObjTypCd value="002"></GeoObjTypCd><geoObjCnt Sync="TRUE">0</geoObjCnt></geoObjTyp></geometObjs></VectSpatRep></spatRepInfo><eainfo><detailed Name="route2017"><enttyp><enttypl Sync="TRUE">route2017</enttypl><enttypt Sync="TRUE">Feature Class</enttypt><enttypc Sync="TRUE">0</enttypc></enttyp><attr><attrlabl Sync="TRUE">FID</attrlabl><attalias Sync="TRUE">FID</attalias><attrtype Sync="TRUE">OID</attrtype><attwidth Sync="TRUE">4</attwidth><atprecis Sync="TRUE">0</atprecis><attscale Sync="TRUE">0</attscale><attrdef Sync="TRUE">Internal feature number.</attrdef><attrdefs Sync="TRUE">ESRI</attrdefs><attrdomv><udom Sync="TRUE">Sequential unique whole numbers that are automatically generated.</udom></attrdomv></attr><attr><attrlabl Sync="TRUE">Shape</attrlabl><attalias Sync="TRUE">Shape</attalias><attrtype Sync="TRUE">Geometry</attrtype><attwidth Sync="TRUE">0</attwidth><atprecis Sync="TRUE">0</atprecis><attscale Sync="TRUE">0</attscale><attrdef Sync="TRUE">Feature geometry.</attrdef><attrdefs Sync="TRUE">ESRI</attrdefs><attrdomv><udom Sync="TRUE">Coordinates defining the features.</udom></attrdomv></attr><attr><attrlabl Sync="TRUE">Name</attrlabl><attalias Sync="TRUE">Name</attalias><attrtype Sync="TRUE">String</attrtype><attwidth Sync="TRUE">254</attwidth><atprecis Sync="TRUE">0</atprecis><attscale Sync="TRUE">0</attscale></attr><attr><attrlabl Sync="TRUE">FolderPath</attrlabl><attalias Sync="TRUE">FolderPath</attalias><attrtype Sync="TRUE">String</attrtype><attwidth Sync="TRUE">254</attwidth><atprecis Sync="TRUE">0</atprecis><attscale Sync="TRUE">0</attscale></attr><attr><attrlabl Sync="TRUE">SymbolID</attrlabl><attalias Sync="TRUE">SymbolID</attalias><attrtype Sync="TRUE">Integer</attrtype><attwidth Sync="TRUE">9</attwidth><atprecis Sync="TRUE">9</atprecis><attscale Sync="TRUE">0</attscale></attr><attr><attrlabl Sync="TRUE">AltitudeMo</attrlabl><attalias Sync="TRUE">AltitudeMo</attalias><attrtype Sync="TRUE">SmallInteger</attrtype><attwidth Sync="TRUE">4</attwidth><atprecis Sync="TRUE">4</atprecis><attscale Sync="TRUE">0</attscale></attr><attr><attrlabl Sync="TRUE">Clamped</attrlabl><attalias Sync="TRUE">Clamped</attalias><attrtype Sync="TRUE">SmallInteger</attrtype><attwidth Sync="TRUE">4</attwidth><atprecis Sync="TRUE">4</atprecis><attscale Sync="TRUE">0</attscale></attr><attr><attrlabl Sync="TRUE">Extruded</attrlabl><attalias Sync="TRUE">Extruded</attalias><attrtype Sync="TRUE">SmallInteger</attrtype><attwidth Sync="TRUE">4</attwidth><atprecis Sync="TRUE">4</atprecis><attscale Sync="TRUE">0</attscale></attr><attr><attrlabl Sync="TRUE">Snippet</attrlabl><attalias Sync="TRUE">Snippet</attalias><attrtype Sync="TRUE">String</attrtype><attwidth Sync="TRUE">254</attwidth><atprecis Sync="TRUE">0</atprecis><attscale Sync="TRUE">0</attscale></attr><attr><attrlabl Sync="TRUE">PopupInfo</attrlabl><attalias Sync="TRUE">PopupInfo</attalias><attrtype Sync="TRUE">String</attrtype><attwidth Sync="TRUE">254</attwidth><atprecis Sync="TRUE">0</atprecis><attscale Sync="TRUE">0</attscale></attr><attr><attrlabl Sync="TRUE">Shape_Leng</attrlabl><attalias Sync="TRUE">Shape_Leng</attalias><attrtype Sync="TRUE">Double</attrtype><attwidth Sync="TRUE">19</attwidth><atprecis Sync="TRUE">0</atprecis><attscale Sync="TRUE">0</attscale></attr></detailed></eainfo><mdDateSt Sync="TRUE">20170728</mdDateSt></metadata>
